Bezirksregierung,Kreis,Schulform,Schulnummer,Schulname,Index_25_26,Index_24_25,Difference,City
BR Arnsberg,Ennepe-Ruhr-Kreis,Grundschule,131209,"Witten, GG Bruch",4,4,0,Witten
BR Arnsberg,Ennepe-Ruhr-Kreis,Grundschule,131210,"Witten, GG Crengeldanzschule",6,6,0,Witten
BR Arnsberg,Ennepe-Ruhr-Kreis,Grundschule,131222,"Witten, GG Rüdinghauser",2,2,0,Witten
BR Arnsberg,Ennepe-Ruhr-Kreis,Grundschule,131234,"Witten, GG Dorfschule",3,3,0,Witten
BR Arnsberg,Ennepe-Ruhr-Kreis,Grundschule,131246,"Witten, GG Hellwegschule",4,4,0,Witten
BR Arnsberg,Ennepe-Ruhr-Kreis,Grundschule,131260,"Witten, GG Hüllbergschule",3,3,0,Witten
BR Arnsberg,Ennepe-Ruhr-Kreis,Grundschule,131271,"Witten, GG Erlenschule",6,6,0,Witten
BR Arnsberg,Ennepe-Ruhr-Kreis,Grundschule,131283,"Witten, GG Harkort",2,2,0,Witten
BR Arnsberg,Ennepe-Ruhr-Kreis,Grundschule,131295,"Witten, GG Baedeker",6,6,0,Witten
BR Arnsberg,Ennepe-Ruhr-Kreis,Grundschule,131301,"Witten, GG Borbach",1,1,0,Witten
BR Arnsberg,Ennepe-Ruhr-Kreis,Grundschule,131313,"Witten, GG Gerichtsschule",9,9,0,Witten
BR Arnsberg,Ennepe-Ruhr-Kreis,Grundschule,131325,"Witten, GG Bredde",8,8,0,Witten
BR Arnsberg,Ennepe-Ruhr-Kreis,Grundschule,131337,"Witten, GG Brenschen",3,3,0,Witten
BR Arnsberg,Ennepe-Ruhr-Kreis,Grundschule,132822,"Hattingen, GG Bredenscheid",2,2,0,Hattingen
BR Arnsberg,Ennepe-Ruhr-Kreis,Grundschule,132834,"Hattingen, GG Oberwinzerfeld",4,4,0,Hattingen
BR Arnsberg,Ennepe-Ruhr-Kreis,Grundschule,132860,"Hattingen, KG Weiltor St.Franzsikus",5,5,0,Hattingen
BR Arnsberg,Ennepe-Ruhr-Kreis,Grundschule,132883,"Hattingen, GG Heggerfeld",8,8,0,Hattingen
BR Arnsberg,Ennepe-Ruhr-Kreis,Grundschule,132895,"Hattingen, GG Bruchfeld",4,4,0,Hattingen
BR Arnsberg,Ennepe-Ruhr-Kreis,Grundschule,132901,"Hattingen, GG Holthausen",4,4,0,Hattingen
BR Arnsberg,Ennepe-Ruhr-Kreis,Grundschule,132937,"Hattingen,GG Niederwenigern Nikol.Groß",2,2,0,Hattingen
BR Arnsberg,Ennepe-Ruhr-Kreis,Grundschule,132950,"Hattingen, GG Alt-Blankenstein",1,1,0,Hattingen
BR Arnsberg,Ennepe-Ruhr-Kreis,Grundschule,132962,"Hattingen, GG Erik-Nölting",6,6,0,Hattingen
BR Arnsberg,Ennepe-Ruhr-Kreis,Grundschule,132974,"Witten, GG Buchholzer Schule",1,1,0,Witten
BR Arnsberg,Ennepe-Ruhr-Kreis,Grundschule,132986,"Witten, GG Vormholzer Schule",4,4,0,Witten
BR Arnsberg,Ennepe-Ruhr-Kreis,Grundschule,133000,"Witten, GG Herbeder",3,3,0,Witten
BR Arnsberg,Ennepe-Ruhr-Kreis,Grundschule,133024,"Herdecke, GG Hugo Knauer",3,3,0,Herdecke
BR Arnsberg,Ennepe-Ruhr-Kreis,Grundschule,133036,"Herdecke, GG Schraberg",1,1,0,Herdecke
BR Arnsberg,Ennepe-Ruhr-Kreis,Grundschule,133048,"Herdecke, GG Robert-Bonnermann-Schule",5,5,0,Herdecke
BR Arnsberg,Ennepe-Ruhr-Kreis,Grundschule,133115,"Sprockhövel, GG Hobeuken",1,1,0,Sprockhövel
BR Arnsberg,Ennepe-Ruhr-Kreis,Grundschule,133127,"Sprockhövel, GG Haßlinghausen",3,3,0,Sprockhövel
BR Arnsberg,Ennepe-Ruhr-Kreis,Grundschule,133139,"Sprockhövel, GG Börgersbruch",2,2,0,Sprockhövel
BR Arnsberg,Ennepe-Ruhr-Kreis,Grundschule,133140,"Sprockhövel, GG Gennebreck-Herzkamp",1,1,0,Sprockhövel
BR Arnsberg,Ennepe-Ruhr-Kreis,Grundschule,184100,"Witten, GG Pferdebach",3,3,0,Witten
BR Arnsberg,Ennepe-Ruhr-Kreis,Grundschule,191723,"Herdecke, GG Werner Richard",3,3,0,Herdecke
BR Arnsberg,Ennepe-Ruhr-Kreis,Hauptschule,148805,"Witten, GH Freiligrath",9,9,0,Witten
BR Arnsberg,Ennepe-Ruhr-Kreis,Hauptschule,149548,"Sprockhövel, GH Mathilde-Anneke-Schule",7,7,0,Sprockhövel
BR Arnsberg,Ennepe-Ruhr-Kreis,Realschule,163090,"Witten, RS Otto-Schott",5,5,0,Witten
BR Arnsberg,Ennepe-Ruhr-Kreis,Realschule,163107,"Witten, RS Adolf-Reichwein-Schule",3,3,0,Witten
BR Arnsberg,Ennepe-Ruhr-Kreis,Realschule,163326,"Hattingen, RS Grünstraße",5,5,0,Hattingen
BR Arnsberg,Ennepe-Ruhr-Kreis,Realschule,185863,"Herdecke, RS Am Bleichstein",3,3,0,Herdecke
BR Arnsberg,Ennepe-Ruhr-Kreis,Realschule,194141,"Witten, RS Helene-Lohmann-Realschule",3,3,0,Witten
BR Arnsberg,Ennepe-Ruhr-Kreis,Gesamtschule,100153,"Witten, GE Otto-Schott-Gesamtschule",5,5,0,Witten
BR Arnsberg,Ennepe-Ruhr-Kreis,Gesamtschule,188141,"Witten, GE Holzkamp",4,4,0,Witten
BR Arnsberg,Ennepe-Ruhr-Kreis,Gesamtschule,188153,"Witten, GE Hardenstein",3,3,0,Witten
BR Arnsberg,Ennepe-Ruhr-Kreis,Gesamtschule,189558,"Sprockhövel, GE Wilhelm-Kraft",4,4,0,Sprockhövel
BR Arnsberg,Ennepe-Ruhr-Kreis,Gesamtschule,190007,"Hattingen, GE Marxstr.",3,3,0,Hattingen
BR Arnsberg,Ennepe-Ruhr-Kreis,Gymnasium,169717,"Witten, Gym Schiller",2,2,0,Witten
BR Arnsberg,Ennepe-Ruhr-Kreis,Gymnasium,169729,"Witten, Gym Ruhr",2,2,0,Witten
BR Arnsberg,Ennepe-Ruhr-Kreis,Gymnasium,169730,"Witten, Gym Albert-Martmöller",2,2,0,Witten
BR Arnsberg,Ennepe-Ruhr-Kreis,Gymnasium,169973,"Hattingen, Gym Schulzentrum Holthausen",2,2,0,Hattingen
BR Arnsberg,Ennepe-Ruhr-Kreis,Gymnasium,169985,"Hattingen, Gym Waldstraße",3,3,0,Hattingen
BR Arnsberg,Ennepe-Ruhr-Kreis,Gymnasium,169997,"Herdecke, Gym Friedrich-Harkort-Schule",1,1,0,Herdecke
BR Arnsberg,Stadt Bochum,Grundschule,128480,"Bochum, GG Frauenlob",2,2,0,Bochum
BR Arnsberg,Stadt Bochum,Grundschule,128491,"Bochum, GG In der Vöde",4,4,0,Bochum
BR Arnsberg,Stadt Bochum,Grundschule,128510,"Bochum, GG Köllerholz",1,1,0,Bochum
BR Arnsberg,Stadt Bochum,Grundschule,128533,"Bochum, GG Amtmann-Kreyenfeld-Schule",6,6,0,Bochum
BR Arnsberg,Stadt Bochum,Grundschule,128545,"Bochum, GG (Verb.) Lina-Morgenstern",4,4,0,Bochum
BR Arnsberg,Stadt Bochum,Grundschule,128557,"Bochum, GG Linden",3,3,0,Bochum
BR Arnsberg,Stadt Bochum,Grundschule,128569,"Bochum, GG (Verb) Schule im Kirchviertel",3,3,0,Bochum
BR Arnsberg,Stadt Bochum,Grundschule,128582,"Bochum, GG Emil-von-Behring",5,5,0,Bochum
BR Arnsberg,Stadt Bochum,Grundschule,128594,"Bochum, GG Laer",6,6,0,Bochum
BR Arnsberg,Stadt Bochum,Grundschule,128600,"Bochum, GG Maischützenschule",4,4,0,Bochum
BR Arnsberg,Stadt Bochum,Grundschule,128612,"Bochum, GG Arnoldschule",9,9,0,Bochum
BR Arnsberg,Stadt Bochum,Grundschule,128624,"Bochum, KG Weilenbrink-Schule",5,5,0,Bochum
BR Arnsberg,Stadt Bochum,Grundschule,128636,"Bochum, GG Drusenberg",2,2,0,Bochum
BR Arnsberg,Stadt Bochum,Grundschule,128673,"Bochum, GG Vels-Heide",4,4,0,Bochum
BR Arnsberg,Stadt Bochum,Grundschule,128685,"Bochum, GG Von-Waldthausen-Schule",7,7,0,Bochum
BR Arnsberg,Stadt Bochum,Grundschule,128697,"Bochum, GG (Verb.) Bunte Schule",4,4,0,Bochum
BR Arnsberg,Stadt Bochum,Grundschule,128739,"Bochum, GG Dahlhausen",4,4,0,Bochum
BR Arnsberg,Stadt Bochum,Grundschule,128740,"Bochum, GG Sonnenschule",7,7,0,Bochum
BR Arnsberg,Stadt Bochum,Grundschule,128776,"Bochum, GG (Verb)Hans-Christian-Andersen",4,4,0,Bochum
BR Arnsberg,Stadt Bochum,Grundschule,128806,"Bochum, GG (Verb.) Feldsieper Schule",8,8,0,Bochum
BR Arnsberg,Stadt Bochum,Grundschule,128818,"Bochum, GG Natorp",2,2,0,Bochum
BR Arnsberg,Stadt Bochum,Grundschule,128820,"Bochum, GG Neuling",2,2,0,Bochum
BR Arnsberg,Stadt Bochum,Grundschule,128843,"Bochum, KG Don-Bosco-Schule",2,2,0,Bochum
BR Arnsberg,Stadt Bochum,Grundschule,128867,"Bochum, GG Liborius",2,2,0,Bochum
BR Arnsberg,Stadt Bochum,Grundschule,128879,"Bochum, GG Friederika",5,5,0,Bochum
BR Arnsberg,Stadt Bochum,Grundschule,128880,"Bochum, GG Schule am Volkspark",6,6,0,Bochum
BR Arnsberg,Stadt Bochum,Grundschule,128910,"Bochum, GG (Verb.) Michael-Ende-Schule",3,3,0,Bochum
BR Arnsberg,Stadt Bochum,Grundschule,128922,"Bochum, GG Gräfin-Imma",1,1,0,Bochum
BR Arnsberg,Stadt Bochum,Grundschule,128960,"Bochum, GG An der Maarbrücke",7,7,0,Bochum
BR Arnsberg,Stadt Bochum,Grundschule,128971,"Bochum, GG Hufeland",8,8,0,Bochum
BR Arnsberg,Stadt Bochum,Grundschule,128995,"Bochum, GG Auf dem alten Kamp",7,7,0,Bochum
BR Arnsberg,Stadt Bochum,Grundschule,131088,"Bochum, GG Kirchschule Höntrop",5,5,0,Bochum
BR Arnsberg,Stadt Bochum,Grundschule,131090,"Bochum, GG Westenfeld",8,8,0,Bochum
BR Arnsberg,Stadt Bochum,Grundschule,131120,"Bochum, GG Regenbogen",5,5,0,Bochum
BR Arnsberg,Stadt Bochum,Grundschule,131131,"Bochum, GG Günnigfeld",6,6,0,Bochum
BR Arnsberg,Stadt Bochum,Grundschule,131155,"Bochum, GG Glückaufschule",8,8,0,Bochum
BR Arnsberg,Stadt Bochum,Grundschule,131167,"Bochum, GG Leithe",4,4,0,Bochum
BR Arnsberg,Stadt Bochum,Grundschule,131179,"Bochum, GG Dietrich-Bonhoeffer",2,2,0,Bochum
BR Arnsberg,Stadt Bochum,Grundschule,184860,"Bochum, GG Waldschule",7,7,0,Bochum
BR Arnsberg,Stadt Bochum,Grundschule,190160,"Bochum, GG Astrid-Lindgren",1,1,0,Bochum
BR Arnsberg,Stadt Bochum,Grundschule,196435,"Bochum, GG Wilbergschule",5,5,0,Bochum
BR Arnsberg,Stadt Bochum,Grundschule,196447,"Bochum, GG Gertrudisschule",8,8,0,Bochum
BR Arnsberg,Stadt Bochum,Grundschule,100242,"Bochum, GG Schule an der Hordeler Heide",ohne,Neu,N/A,Bochum
BR Arnsberg,Stadt Bochum,Hauptschule,147370,"Bochum, GH Werner-von-Siemens-Schule",5,5,0,Bochum
BR Arnsberg,Stadt Bochum,Hauptschule,148740,"Bochum, GH Liselotte-Rauner-Schule",8,8,0,Bochum
BR Arnsberg,Stadt Bochum,Realschule,162656,"Bochum, RS Annette-von-Droste-Hülshoff",5,5,0,Bochum
BR Arnsberg,Stadt Bochum,Realschule,162681,"Bochum, RS Hans-Böckler",5,5,0,Bochum
BR Arnsberg,Stadt Bochum,Realschule,162711,"Bochum, RS Anne-Frank-Realschule",4,4,0,Bochum
BR Arnsberg,Stadt Bochum,Realschule,163077,"Bochum, RS Pestalozzi-Realschule",4,4,0,Bochum
BR Arnsberg,Stadt Bochum,Realschule,163089,"Bochum, RS Höntrop",6,6,0,Bochum
BR Arnsberg,Stadt Bochum,Sekundarschule,197105,"Bochum, SK Nelson-Mandela-Schule",6,6,0,Bochum
BR Arnsberg,Stadt Bochum,Sekundarschule,197117,"Bochum, SK Rupert-Neudeck-Schule",5,5,0,Bochum
BR Arnsberg,Stadt Bochum,Gesamtschule,100048,"Bochum, GE Bochum-Mitte",8,8,0,Bochum
BR Arnsberg,Stadt Bochum,Gesamtschule,164239,"Bochum, GE Erich Kästner",4,4,0,Bochum
BR Arnsberg,Stadt Bochum,Gesamtschule,188311,"Bochum, GE Heinrich-Böll-Schule",5,5,0,Bochum
BR Arnsberg,Stadt Bochum,Gesamtschule,189935,"Bochum, GE Willy-Brandt",7,7,0,Bochum
BR Arnsberg,Stadt Bochum,Gesamtschule,189947,"Bochum, GE Maria Sibylla Merian Schule",6,6,0,Bochum
BR Arnsberg,Stadt Bochum,Gymnasium,169158,"Bochum, Gym Hildegardis-Gymnasium",3,3,0,Bochum
BR Arnsberg,Stadt Bochum,Gymnasium,169160,"Bochum, Gym Graf-Engelbert-Gymnasium",2,2,0,Bochum
BR Arnsberg,Stadt Bochum,Gymnasium,169171,"Bochum, Gym Schiller",1,1,0,Bochum
BR Arnsberg,Stadt Bochum,Gymnasium,169183,"Bochum, Gym Lessing-Gymnasium",3,3,0,Bochum
BR Arnsberg,Stadt Bochum,Gymnasium,169213,"Bochum, Gym Goethe",3,3,0,Bochum
BR Arnsberg,Stadt Bochum,Gymnasium,169225,"Bochum, Gym Theodor-Körner",1,1,0,Bochum
BR Arnsberg,Stadt Bochum,Gymnasium,169237,"Bochum, Gym Heinrich-v.-Kleist-Gymnasium",3,3,0,Bochum
BR Arnsberg,Stadt Bochum,Gymnasium,169699,"Bochum, Gym Märkisches Gymnasium",4,4,0,Bochum
BR Arnsberg,Stadt Bochum,Gymnasium,169705,"Bochum, Gym Hellweg Europaschule",3,3,0,Bochum
BR Arnsberg,Stadt Bochum,Gymnasium,195947,"Bochum, Gym Neues Gymnasium",2,2,0,Bochum
BR Arnsberg,Stadt Dortmund,Grundschule,129150,"Dortmund, GG Steinhammerschule",6,6,0,Dortmund
BR Arnsberg,Stadt Dortmund,Grundschule,129161,"Dortmund, GG Hohwart",6,6,0,Dortmund
BR Arnsberg,Stadt Dortmund,Grundschule,129173,"Dortmund, GG Brücherhofschule",8,8,0,Dortmund
BR Arnsberg,Stadt Dortmund,Grundschule,129185,"Dortmund, GG Petrischule",8,8,0,Dortmund
BR Arnsberg,Stadt Dortmund,Grundschule,129197,"Dortmund, GG Schragmüller",4,4,0,Dortmund
BR Arnsberg,Stadt Dortmund,Grundschule,129203,"Dortmund, GG Herderschule",4,4,0,Dortmund
BR Arnsberg,Stadt Dortmund,Grundschule,129215,"Dortmund, GG Funke",7,7,0,Dortmund
BR Arnsberg,Stadt Dortmund,Grundschule,129227,"Dortmund, GG Erich Kästner-Schule",3,3,0,Dortmund
BR Arnsberg,Stadt Dortmund,Grundschule,129239,"Dortmund, GG Freiligrathschule",7,7,0,Dortmund
BR Arnsberg,Stadt Dortmund,Grundschule,129264,"Dortmund, KG Josef",4,4,0,Dortmund
BR Arnsberg,Stadt Dortmund,Grundschule,129276,"Dortmund, GG Widey",5,5,0,Dortmund
BR Arnsberg,Stadt Dortmund,Grundschule,129288,"Dortmund, KG Roncallischule",4,4,0,Dortmund
BR Arnsberg,Stadt Dortmund,Grundschule,129306,"Dortmund, KG Marienborn",4,4,0,Dortmund
BR Arnsberg,Stadt Dortmund,Grundschule,129318,"Dortmund, KG Elisabeth-Grundschule",2,2,0,Dortmund
BR Arnsberg,Stadt Dortmund,Grundschule,129355,"Dortmund, KG Gutenbergschule",9,9,0,Dortmund
BR Arnsberg,Stadt Dortmund,Grundschule,129379,"Dortmund, GG Kreuz",3,3,0,Dortmund
BR Arnsberg,Stadt Dortmund,Grundschule,129392,"Dortmund, KG Brüder-Grimm-Schule",4,4,0,Dortmund
BR Arnsberg,Stadt Dortmund,Grundschule,129409,"Dortmund, GG Peter-Vischer-Schule",2,2,0,Dortmund
BR Arnsberg,Stadt Dortmund,Grundschule,129410,"Dortmund, KG Overberg",3,3,0,Dortmund
BR Arnsberg,Stadt Dortmund,Grundschule,129446,"Dortmund, GG Libori",6,6,0,Dortmund
BR Arnsberg,Stadt Dortmund,Grundschule,129458,"Dortmund, KG Franziskusschule",3,3,0,Dortmund
BR Arnsberg,Stadt Dortmund,Grundschule,129460,"Dortmund, KG Winfriedschule",5,5,0,Dortmund
BR Arnsberg,Stadt Dortmund,Grundschule,129495,"Dortmund, KG Urbanusschule",4,4,0,Dortmund
BR Arnsberg,Stadt Dortmund,Grundschule,129501,"Dortmund, GG Bodelschwinghschule",4,4,0,Dortmund
BR Arnsberg,Stadt Dortmund,Grundschule,129513,"Dortmund, GG Reichshofschule",5,5,0,Dortmund
BR Arnsberg,Stadt Dortmund,Grundschule,129525,"Dortmund, GG Fine-Frau",5,5,0,Dortmund
BR Arnsberg,Stadt Dortmund,Grundschule,129537,"Dortmund, GG Kautskyschule",8,8,0,Dortmund
BR Arnsberg,Stadt Dortmund,Grundschule,129549,"Dortmund, GG Eichlinghofer",2,2,0,Dortmund
BR Arnsberg,Stadt Dortmund,Grundschule,129550,"Dortmund, GG Westholzschule",4,4,0,Dortmund
BR Arnsberg,Stadt Dortmund,Grundschule,129562,"Dortmund, GG Ostenbergschule",2,2,0,Dortmund
BR Arnsberg,Stadt Dortmund,Grundschule,129574,"Dortmund, GG Albrecht-Brinkmann-Schule",9,9,0,Dortmund
BR Arnsberg,Stadt Dortmund,Grundschule,129586,"Dortmund, GG Eichwaldschule",2,2,0,Dortmund
BR Arnsberg,Stadt Dortmund,Grundschule,129598,"Dortmund, GG Gilden",8,8,0,Dortmund
BR Arnsberg,Stadt Dortmund,Grundschule,129616,"Dortmund, GG Bach",7,7,0,Dortmund
BR Arnsberg,Stadt Dortmund,Grundschule,129628,"Dortmund, GG Grafenschule",5,5,0,Dortmund
BR Arnsberg,Stadt Dortmund,Grundschule,129630,"Dortmund, GG Stiftschule",8,8,0,Dortmund
BR Arnsberg,Stadt Dortmund,Grundschule,129641,"Dortmund, GG Libellen-Grundschule",9,9,0,Dortmund
BR Arnsberg,Stadt Dortmund,Grundschule,129653,"Dortmund, GG (Verb.) Harkortschule",5,5,0,Dortmund
BR Arnsberg,Stadt Dortmund,Grundschule,129665,"Dortmund, GG Comenius",5,5,0,Dortmund
BR Arnsberg,Stadt Dortmund,Grundschule,129677,"Dortmund, GG Westricher Schule",5,5,0,Dortmund
BR Arnsberg,Stadt Dortmund,Grundschule,129689,"Dortmund, GG Hansa",6,6,0,Dortmund
BR Arnsberg,Stadt Dortmund,Grundschule,129690,"Dortmund, GG Hangeneyschule",3,3,0,Dortmund
BR Arnsberg,Stadt Dortmund,Grundschule,129707,"Dortmund, GG Kirchhörderschule",2,2,0,Dortmund
BR Arnsberg,Stadt Dortmund,Grundschule,129719,"Dortmund, GG Bruktererschule",5,5,0,Dortmund
BR Arnsberg,Stadt Dortmund,Grundschule,129720,"Dortmund, GG Brechtener",2,2,0,Dortmund
BR Arnsberg,Stadt Dortmund,Grundschule,129732,"Dortmund, GG Wichlinghoferschule",1,1,0,Dortmund
BR Arnsberg,Stadt Dortmund,Grundschule,129744,"Dortmund, GG Weingartenschule am See",4,4,0,Dortmund
BR Arnsberg,Stadt Dortmund,Grundschule,129756,"Dortmund, GG Siegfried-Drupp",6,6,0,Dortmund
BR Arnsberg,Stadt Dortmund,Grundschule,129768,"Dortmund, GG Uhlandschule",6,6,0,Dortmund
BR Arnsberg,Stadt Dortmund,Grundschule,129770,"Dortmund, GG Fichteschule",4,4,0,Dortmund
BR Arnsberg,Stadt Dortmund,Grundschule,129781,"Dortmund, EG Liebigschule",2,2,0,Dortmund
BR Arnsberg,Stadt Dortmund,Grundschule,129793,"Dortmund, GG Dietrich-Bonhoeffer-Schule",6,6,0,Dortmund
BR Arnsberg,Stadt Dortmund,Grundschule,129800,"Dortmund, GG Mörike",3,3,0,Dortmund
BR Arnsberg,Stadt Dortmund,Grundschule,129811,"Dortmund, GG Westhausen",8,8,0,Dortmund
BR Arnsberg,Stadt Dortmund,Grundschule,129823,"Dortmund, GG Berghofer-Grundschule",3,3,0,Dortmund
BR Arnsberg,Stadt Dortmund,Grundschule,129835,"Dortmund, GG Kerschensteinerschule",3,3,0,Dortmund
BR Arnsberg,Stadt Dortmund,Grundschule,129847,"Dortmund, GG Schubertschule",5,5,0,Dortmund
BR Arnsberg,Stadt Dortmund,Grundschule,129859,"Dortmund, GG Emschertalschule",5,5,0,Dortmund
BR Arnsberg,Stadt Dortmund,Grundschule,129860,"Dortmund, GG Jungferntalschule",6,6,0,Dortmund
BR Arnsberg,Stadt Dortmund,Grundschule,129884,"Dortmund, GG Diesterwegschule",9,9,0,Dortmund
BR Arnsberg,Stadt Dortmund,Grundschule,129896,"Dortmund, GG Schopenhauerschule",7,7,0,Dortmund
BR Arnsberg,Stadt Dortmund,Grundschule,129902,"Dortmund, GG Aplerbecker-Mark-Schule",2,2,0,Dortmund
BR Arnsberg,Stadt Dortmund,Grundschule,129914,"Dortmund, GG Berswordt-Europa",6,6,0,Dortmund
BR Arnsberg,Stadt Dortmund,Grundschule,129926,"Dortmund, GG Lieberfeldschule",2,2,0,Dortmund
BR Arnsberg,Stadt Dortmund,Grundschule,129938,"Dortmund, GG Holte",6,6,0,Dortmund
BR Arnsberg,Stadt Dortmund,Grundschule,129940,"Dortmund, GG Friedensschule",7,7,0,Dortmund
BR Arnsberg,Stadt Dortmund,Grundschule,129963,"Dortmund, GG Steinbrinkschule",4,4,0,Dortmund
BR Arnsberg,Stadt Dortmund,Grundschule,129975,"Dortmund, GG Lessingschule",9,9,0,Dortmund
BR Arnsberg,Stadt Dortmund,Grundschule,129987,"Dortmund, GG Landgrafenschule",4,4,0,Dortmund
BR Arnsberg,Stadt Dortmund,Grundschule,129999,"Dortmund, GG Kruckeler",2,2,0,Dortmund
BR Arnsberg,Stadt Dortmund,Grundschule,130000,"Dortmund, GG Aplerbeckerschule",3,3,0,Dortmund
BR Arnsberg,Stadt Dortmund,Grundschule,130011,"Dortmund, GG Hellweg",3,3,0,Dortmund
BR Arnsberg,Stadt Dortmund,Grundschule,130023,"Dortmund, GG Gerhart-Hauptmann-Schule",5,5,0,Dortmund
BR Arnsberg,Stadt Dortmund,Grundschule,130035,"Dortmund, GG Benninghofer Schule",4,4,0,Dortmund
BR Arnsberg,Stadt Dortmund,Grundschule,130059,"Dortmund, GG Graf-Konrad-Schule",8,8,0,Dortmund
BR Arnsberg,Stadt Dortmund,Grundschule,130060,"Dortmund, GG Regenbogen",2,2,0,Dortmund
BR Arnsberg,Stadt Dortmund,Grundschule,130072,"Dortmund, GG Hoechstener Schule",1,1,0,Dortmund
BR Arnsberg,Stadt Dortmund,Grundschule,130096,"Dortmund, GG Mosaik-Grundschule Eving",9,9,0,Dortmund
BR Arnsberg,Stadt Dortmund,Grundschule,130102,"Dortmund, GG Olpketal",1,1,0,Dortmund
BR Arnsberg,Stadt Dortmund,Grundschule,130114,"Dortmund, GG Oesterholzschule",9,9,0,Dortmund
BR Arnsberg,Stadt Dortmund,Grundschule,130126,"Dortmund, GG Nordmarktschule",9,9,0,Dortmund
BR Arnsberg,Stadt Dortmund,Grundschule,130138,"Dortmund, GG Friedrich-Ebert-Schule",3,3,0,Dortmund
BR Arnsberg,Stadt Dortmund,Grundschule,130140,"Dortmund, GG Kirchderner Schule",5,5,0,Dortmund
BR Arnsberg,Stadt Dortmund,Grundschule,130151,"Dortmund, GG Am Dorney",4,4,0,Dortmund
BR Arnsberg,Stadt Dortmund,Grundschule,133607,"Dortmund, GG Eintracht",3,3,0,Dortmund
BR Arnsberg,Stadt Dortmund,Grundschule,133619,"Dortmund, GG Lichtendorf",1,1,0,Dortmund
BR Arnsberg,Stadt Dortmund,Grundschule,183842,"Dortmund, GG Buscheischule",8,8,0,Dortmund
BR Arnsberg,Stadt Dortmund,Grundschule,192296,"Dortmund, GG Kleine Kielstraße",9,9,0,Dortmund
BR Arnsberg,Stadt Dortmund,Grundschule,100227,"Dortmund, GG am Blücherpark",ohne,Neu,N/A,Dortmund
BR Arnsberg,Stadt Dortmund,Hauptschule,147709,"Dortmund, GH Kley",8,8,0,Dortmund
BR Arnsberg,Stadt Dortmund,Hauptschule,147801,"Dortmund, GH Emscherschule Aplerbeck",6,6,0,Dortmund
BR Arnsberg,Stadt Dortmund,Hauptschule,147898,"Dortmund, GH Am Externberg",9,9,0,Dortmund
BR Arnsberg,Stadt Dortmund,Hauptschule,147941,"Dortmund, GH Scharnhorst",9,9,0,Dortmund
BR Arnsberg,Stadt Dortmund,Hauptschule,147977,"Dortmund, GH Schule am Hafen",9,9,0,Dortmund
BR Arnsberg,Stadt Dortmund,Hauptschule,148015,"Dortmund, GH Jeanette-Wolff-Schule",9,9,0,Dortmund
BR Arnsberg,Stadt Dortmund,Hauptschule,148076,"Dortmund, GH Konrad von der Mark Schule",9,9,0,Dortmund
BR Arnsberg,Stadt Dortmund,Hauptschule,148143,"Dortmund, KH Husenschule",6,6,0,Dortmund
BR Arnsberg,Stadt Dortmund,Realschule,162747,"Dortmund, RS Wilhelm-Röntgen",6,6,0,Dortmund
BR Arnsberg,Stadt Dortmund,Realschule,162760,"Dortmund, RS Albrecht-Dürer",4,4,0,Dortmund
BR Arnsberg,Stadt Dortmund,Realschule,162784,"Dortmund, RS Johann-Gutenberg-Schule",5,5,0,Dortmund
BR Arnsberg,Stadt Dortmund,Realschule,162796,"Dortmund, RS Ricarda-Huch",8,8,0,Dortmund
BR Arnsberg,Stadt Dortmund,Realschule,162814,"Dortmund, RS Gertrud-Bäumer-Schule",9,9,0,Dortmund
BR Arnsberg,Stadt Dortmund,Realschule,162826,"Dortmund, RS Marie-Reinders",3,3,0,Dortmund
BR Arnsberg,Stadt Dortmund,Realschule,162840,"Dortmund, RS Robert-Koch",4,4,0,Dortmund
BR Arnsberg,Stadt Dortmund,Realschule,162851,"Dortmund, RS Albert-Schweitzer",6,6,0,Dortmund
BR Arnsberg,Stadt Dortmund,Realschule,162863,"Dortmund, RS Droste-Hülshoff-Schule",5,5,0,Dortmund
BR Arnsberg,Stadt Dortmund,Realschule,162875,"Dortmund, RS Theodor-Heuss",7,7,0,Dortmund
BR Arnsberg,Stadt Dortmund,Realschule,162887,"Dortmund, RS Max-Born-Realschule",4,4,0,Dortmund
BR Arnsberg,Stadt Dortmund,Realschule,162899,"Dortmund, RS Wilhelm-Busch",4,4,0,Dortmund
BR Arnsberg,Stadt Dortmund,Realschule,193938,"Dortmund, RS Albert-Einstein",5,5,0,Dortmund
BR Arnsberg,Stadt Dortmund,Gesamtschule,100132,"Dortmund, GE Reinoldi-Gesamtschule",6,6,0,Dortmund
BR Arnsberg,Stadt Dortmund,Gesamtschule,100177,"Dortmund, GE im Süden",4,ohne,N/A,Dortmund
BR Arnsberg,Stadt Dortmund,Gesamtschule,164240,"Dortmund, GE Scharnhorst",7,7,0,Dortmund
BR Arnsberg,Stadt Dortmund,Gesamtschule,188207,"Dortmund, GE Heinrich-Böll",6,6,0,Dortmund
BR Arnsberg,Stadt Dortmund,Gesamtschule,188219,"Dortmund, GE Geschwister-Scholl",4,4,0,Dortmund
BR Arnsberg,Stadt Dortmund,Gesamtschule,188220,"Dortmund, GE Anne-Frank-Schule",9,9,0,Dortmund
BR Arnsberg,Stadt Dortmund,Gesamtschule,188700,"Dortmund, GE Gartenstadt",8,8,0,Dortmund
BR Arnsberg,Stadt Dortmund,Gesamtschule,188827,"Dortmund, GE Gustav-Heinemann",8,8,0,Dortmund
BR Arnsberg,Stadt Dortmund,Gesamtschule,189960,"Dortmund, GE Brünninghausen",3,3,0,Dortmund
BR Arnsberg,Stadt Dortmund,Gesamtschule,192820,"Dortmund, GE Martin-Luther-King",7,7,0,Dortmund
BR Arnsberg,Stadt Dortmund,Gesamtschule,193641,"Dortmund, GE Europaschule",4,4,0,Dortmund
BR Arnsberg,Stadt Dortmund,Gymnasium,169274,"Dortmund, Gym Bert-Brecht-Gymnasium",3,3,0,Dortmund
BR Arnsberg,Stadt Dortmund,Gymnasium,169286,"Dortmund, Gym Heisenberg",5,5,0,Dortmund
BR Arnsberg,Stadt Dortmund,Gymnasium,169298,"Dortmund, Gym Immanuel-Kant",3,3,0,Dortmund
BR Arnsberg,Stadt Dortmund,Gymnasium,169304,"Dortmund, Gym Max-Planck-Gymnasium",2,2,0,Dortmund
BR Arnsberg,Stadt Dortmund,Gymnasium,169328,"Dortmund, Gym Helene-Lange",2,2,0,Dortmund
BR Arnsberg,Stadt Dortmund,Gymnasium,169330,"Dortmund, Gym Käthe-Kollwitz",3,3,0,Dortmund
BR Arnsberg,Stadt Dortmund,Gymnasium,169341,"Dortmund, Gym Stadtgymnasium Dortmund",6,6,0,Dortmund
BR Arnsberg,Stadt Dortmund,Gymnasium,169353,"Dortmund, Gym Reinoldus u. Schiller",4,4,0,Dortmund
BR Arnsberg,Stadt Dortmund,Gymnasium,169390,"Dortmund, Gym Schweizer Allee",2,2,0,Dortmund
BR Arnsberg,Stadt Dortmund,Gymnasium,169407,"Dortmund, Gym Leibniz",3,3,0,Dortmund
BR Arnsberg,Stadt Dortmund,Gymnasium,169419,"Dortmund, Gym Goethe",3,3,0,Dortmund
BR Arnsberg,Stadt Dortmund,Gymnasium,169420,"Dortmund, Gym Helmholtz",8,8,0,Dortmund
BR Arnsberg,Stadt Dortmund,Gymnasium,169456,"Dortmund, Gym Phoenix",3,3,0,Dortmund
BR Arnsberg,Stadt Dortmund,Gymnasium,183167,"Dortmund, Gym Heinrich-Heine",4,4,0,Dortmund
BR Arnsberg,Stadt Hamm,Realschule,161380,"Hamm, RS Heessen",5,5,0,Essen
BR Detmold,Kreis Höxter,Grundschule,127840,"Willebadessen, KG Schule an d. 7 Quellen",3,3,0,Essen
BR Detmold,Kreis Höxter,Grundschule,127851,"Willebadessen, KG Sankt-Nikolaus",2,2,0,Essen
BR Detmold,Kreis Höxter,Sekundarschule,199862,"Willebadessen, SK Eggeschule",1,1,0,Essen
BR Düsseldorf,Kreis Mettmann,Grundschule,106781,"Ratingen, GG Gebrüder-Grimm-Schule",4,4,0,Ratingen
BR Düsseldorf,Kreis Mettmann,Grundschule,106793,"Ratingen, GG Paul-Maar-Schule",5,5,0,Ratingen
BR Düsseldorf,Kreis Mettmann,Grundschule,106800,"Ratingen, GG Anne-Frank",4,4,0,Ratingen
BR Düsseldorf,Kreis Mettmann,Grundschule,106823,"Ratingen, KG Minoriten",4,4,0,Ratingen
BR Düsseldorf,Kreis Mettmann,Grundschule,106847,"Ratingen, KG Suitbertus",4,4,0,Ratingen
BR Düsseldorf,Kreis Mettmann,Grundschule,106859,"Ratingen, GG Karl-Arnold-Schule",5,5,0,Ratingen
BR Düsseldorf,Kreis Mettmann,Grundschule,106860,"Ratingen, GG Albert-Schweitzer",3,3,0,Ratingen
BR Düsseldorf,Kreis Mettmann,Grundschule,107098,"Ratingen, GG Matthias-Claudius",2,2,0,Ratingen
BR Düsseldorf,Kreis Mettmann,Grundschule,107104,"Ratingen, GG Wilhelm-Busch-Schule",2,2,0,Ratingen
BR Düsseldorf,Kreis Mettmann,Grundschule,107116,"Ratingen, GG Eduard-Dietrich-Schule",2,2,0,Ratingen
BR Düsseldorf,Kreis Mettmann,Grundschule,107128,"Ratingen, KG Heinrich-Schmitz-Schule",3,3,0,Ratingen
BR Düsseldorf,Kreis Mettmann,Grundschule,107130,"Ratingen, KG Johann-Peter-Melchior",2,2,0,Ratingen
BR Düsseldorf,Kreis Mettmann,Grundschule,107220,"Ratingen, GG Christian-Morgenstern",2,2,0,Ratingen
BR Düsseldorf,Kreis Mettmann,Grundschule,183271,"Ratingen, GG Erich Kästner-Schule",8,8,0,Ratingen
BR Düsseldorf,Kreis Mettmann,Grundschule,186612,"Ratingen, GG Astrid-Lindgren-Schule",8,8,0,Ratingen
BR Düsseldorf,Kreis Mettmann,Realschule,159438,"Ratingen, RS Friedrich-Ebert-Schule",5,5,0,Ratingen
BR Düsseldorf,Kreis Mettmann,Realschule,186960,"Ratingen, RS Käthe-Kollwitz-Schule",5,5,0,Ratingen
BR Düsseldorf,Kreis Mettmann,Gesamtschule,189601,"Ratingen, GE Martin-Luther-King",6,6,0,Ratingen
BR Düsseldorf,Kreis Mettmann,Gymnasium,165608,"Ratingen, Gym C.F. von Weizsäcker",3,3,0,Ratingen
BR Düsseldorf,Kreis Mettmann,Gymnasium,183532,"Ratingen, Gym Kopernikus",2,2,0,Ratingen
BR Düsseldorf,Kreis Mettmann,Gymnasium,186016,"Ratingen, Gym Dietrich-Bonhoeffer",4,4,0,Ratingen
BR Düsseldorf,Stadt Düsseldorf,Grundschule,100535,"Düsseldorf, KG Essener Str.",5,5,0,Essen
BR Düsseldorf,Stadt Essen,Grundschule,100215,"Essen, GG Meistersingerstraße",7,Neu,N/A,Essen
BR Düsseldorf,Stadt Essen,Grundschule,101771,"Essen, KG Antoniusschule",2,2,0,Essen
BR Düsseldorf,Stadt Essen,Grundschule,101801,"Essen, KG Bischof-von-Ketteler-Schule",4,4,0,Essen
BR Düsseldorf,Stadt Essen,Grundschule,101813,"Essen, KG Christophorusschule",6,6,0,Essen
BR Düsseldorf,Stadt Essen,Grundschule,101837,"Essen, KG Dionysiusschule",6,6,0,Essen
BR Düsseldorf,Stadt Essen,Grundschule,101850,"Essen, KG Laurentiusschule",2,2,0,Essen
BR Düsseldorf,Stadt Essen,Grundschule,101886,"Essen, KG Nikolaus",6,6,0,Essen
BR Düsseldorf,Stadt Essen,Grundschule,101898,"Essen, KG Johann-Michael-Sailer-Schule",3,3,0,Essen
BR Düsseldorf,Stadt Essen,Grundschule,101904,"Essen, GG Bedingrade/ Schönebeck",2,2,0,Essen
BR Düsseldorf,Stadt Essen,Grundschule,101916,"Essen, GG Astrid Lindgren",8,8,0,Essen
BR Düsseldorf,Stadt Essen,Grundschule,101930,"Essen, KG Münsterschule",8,8,0,Essen
BR Düsseldorf,Stadt Essen,Grundschule,101941,"Essen, KG Winfried",5,5,0,Essen
BR Düsseldorf,Stadt Essen,Grundschule,102003,"Essen, KG (Verb.) Eichendorffschule",2,2,0,Essen
BR Düsseldorf,Stadt Essen,Grundschule,102015,"Essen, GG Heinrich-Strunk-Str.",9,9,0,Essen
BR Düsseldorf,Stadt Essen,Grundschule,102027,"Essen, KG Georg",2,2,0,Essen
BR Düsseldorf,Stadt Essen,Grundschule,102040,"Essen, KG Elisabeth",4,4,0,Essen
BR Düsseldorf,Stadt Essen,Grundschule,102052,"Essen, GG Großenbruch",8,8,0,Essen
BR Düsseldorf,Stadt Essen,Grundschule,102064,"Essen, GG Nordviertel",9,9,0,Essen
BR Düsseldorf,Stadt Essen,Grundschule,102076,"Essen, KG Altfried",4,4,0,Essen
BR Düsseldorf,Stadt Essen,Grundschule,102088,"Essen, KG Zollvereinschule",6,6,0,Essen
BR Düsseldorf,Stadt Essen,Grundschule,102106,"Essen, GG Gerschede",2,2,0,Essen
BR Düsseldorf,Stadt Essen,Grundschule,102118,"Essen, KG Am Krausen Bäumchen",2,2,0,Essen
BR Düsseldorf,Stadt Essen,Grundschule,102120,"Essen, KG Josef/ Horst",3,3,0,Essen
BR Düsseldorf,Stadt Essen,Grundschule,102143,"Essen, KG Josef/ Kupferdreh",1,1,0,Essen
BR Düsseldorf,Stadt Essen,Grundschule,102155,"Essen, GG Bückmannshofschule",4,4,0,Essen
BR Düsseldorf,Stadt Essen,Grundschule,102179,"Essen, KG Cosmas u. Damian",2,2,0,Essen
BR Düsseldorf,Stadt Essen,Grundschule,102180,"Essen, KG Bardeleben",4,4,0,Essen
BR Düsseldorf,Stadt Essen,Grundschule,102210,"Essen, GG Hinseler Schule",1,1,0,Essen
BR Düsseldorf,Stadt Essen,Grundschule,102234,"Essen, GG Schlossschule",5,5,0,Essen
BR Düsseldorf,Stadt Essen,Grundschule,102246,"Essen, GG Schiller",7,7,0,Essen
BR Düsseldorf,Stadt Essen,Grundschule,102258,"Essen, GG Bergmühlen",9,9,0,Essen
BR Düsseldorf,Stadt Essen,Grundschule,102260,"Essen, GG an der Rahmstraße",7,7,0,Essen
BR Düsseldorf,Stadt Essen,Grundschule,102271,"Essen, GG Meisenburg",2,2,0,Essen
BR Düsseldorf,Stadt Essen,Grundschule,102283,"Essen, GG Bonifacius",4,4,0,Essen
BR Düsseldorf,Stadt Essen,Grundschule,102295,"Essen, GG Kantschule",8,8,0,Essen
BR Düsseldorf,Stadt Essen,Grundschule,102301,"Essen, GG Jacobsallee",2,2,0,Essen
BR Düsseldorf,Stadt Essen,Grundschule,102362,"Essen, GG Bodelschwinghschule",9,9,0,Essen
BR Düsseldorf,Stadt Essen,Grundschule,102386,"Essen, GG Stadthafen",6,6,0,Essen
BR Düsseldorf,Stadt Essen,Grundschule,102398,"Essen, EG Theodor-Heuss",2,2,0,Essen
BR Düsseldorf,Stadt Essen,Grundschule,102404,"Essen, GG Dürer",8,8,0,Essen
BR Düsseldorf,Stadt Essen,Grundschule,102416,"Essen, EG Käthe-Kollwitz-Schule",2,2,0,Essen
BR Düsseldorf,Stadt Essen,Grundschule,102430,"Essen, GG Fischlaker Schule",2,2,0,Essen
BR Düsseldorf,Stadt Essen,Grundschule,102453,"Essen, GG Peter-Ustinov-Schule",8,8,0,Essen
BR Düsseldorf,Stadt Essen,Grundschule,102465,"Essen, GG Hölting",8,8,0,Essen
BR Düsseldorf,Stadt Essen,Grundschule,102489,"Essen, GG an der Waldlehne",3,3,0,Essen
BR Düsseldorf,Stadt Essen,Grundschule,102490,"Essen, KG Andreasschule",4,4,0,Essen
BR Düsseldorf,Stadt Essen,Grundschule,102507,"Essen, GG Viktoriastr.",9,9,0,Essen
BR Düsseldorf,Stadt Essen,Grundschule,102519,"Essen, GG Tuttmann",8,8,0,Essen
BR Düsseldorf,Stadt Essen,Grundschule,102520,"Essen, GG Schwanenbuschstr.",9,9,0,Essen
BR Düsseldorf,Stadt Essen,Grundschule,102532,"Essen, GG Carl-Funke",1,1,0,Essen
BR Düsseldorf,Stadt Essen,Grundschule,102544,"Essen, GG Cranach",8,8,0,Essen
BR Düsseldorf,Stadt Essen,Grundschule,102556,"Essen, GG am Reuenberg",7,7,0,Essen
BR Düsseldorf,Stadt Essen,Grundschule,102570,"Essen, GG Herder",4,4,0,Essen
BR Düsseldorf,Stadt Essen,Grundschule,102600,"Essen, GG Ardey",2,2,0,Essen
BR Düsseldorf,Stadt Essen,Grundschule,102623,"Essen, GG Morungenweg",5,5,0,Essen
BR Düsseldorf,Stadt Essen,Grundschule,102635,"Essen, GG Maria-Kunigunda",8,8,0,Essen
BR Düsseldorf,Stadt Essen,Grundschule,102647,"Essen, GG Montessorischule am Lönsberg",1,1,0,Essen
BR Düsseldorf,Stadt Essen,Grundschule,102659,"Essen, GG Karlschule",7,7,0,Essen
BR Düsseldorf,Stadt Essen,Grundschule,102660,"Essen, GG Stifts",2,2,0,Essen
BR Düsseldorf,Stadt Essen,Grundschule,102672,"Essen, GG Neuessener",8,8,0,Essen
BR Düsseldorf,Stadt Essen,Grundschule,102696,"Essen, GG Leither",3,3,0,Essen
BR Düsseldorf,Stadt Essen,Grundschule,102702,"Essen, GG Frieden",6,6,0,Essen
BR Düsseldorf,Stadt Essen,Grundschule,102714,"Essen, GG Ludgerusschule",2,2,0,Essen
BR Düsseldorf,Stadt Essen,Grundschule,102726,"Essen, GG Heckerschule",2,2,0,Essen
BR Düsseldorf,Stadt Essen,Grundschule,102738,"Essen, GG Joachimschule",9,9,0,Essen
BR Düsseldorf,Stadt Essen,Grundschule,102740,"Essen, GG Im Steeler Rott",5,5,0,Essen
BR Düsseldorf,Stadt Essen,Grundschule,102751,"Essen, GG Hüttmann",9,9,0,Essen
BR Düsseldorf,Stadt Essen,Grundschule,102763,"Essen, GG Hövelschule",9,9,0,Essen
BR Düsseldorf,Stadt Essen,Grundschule,102775,"Essen, GG Adolf-Reichwein-Schule",4,4,0,Essen
BR Düsseldorf,Stadt Essen,Grundschule,102787,"Essen, GG Heinickestr.",9,9,0,Essen
BR Düsseldorf,Stadt Essen,Grundschule,102799,"Essen, GG Graf-Spee-Schule",4,4,0,Essen
BR Düsseldorf,Stadt Essen,Grundschule,102805,"Essen, GG Gervinus",7,7,0,Essen
BR Düsseldorf,Stadt Essen,Grundschule,102829,"Essen, GG Hinsbeckschule",2,2,0,Essen
BR Düsseldorf,Stadt Essen,Grundschule,102830,"Essen, GG Berliner Schule",9,9,0,Essen
BR Düsseldorf,Stadt Essen,Grundschule,102842,"Essen, GG Kraienbruchschule",4,4,0,Essen
BR Düsseldorf,Stadt Essen,Grundschule,102866,"Essen, GG im Bergmannsfeld",9,9,0,Essen
BR Düsseldorf,Stadt Essen,Grundschule,102878,"Essen, GG Burgaltendorf",1,1,0,Essen
BR Düsseldorf,Stadt Essen,Grundschule,106630,"Essen, GG Schmachtenberg",2,2,0,Essen
BR Düsseldorf,Stadt Essen,Grundschule,106641,"Essen, GG an der Ruhr",3,3,0,Essen
BR Düsseldorf,Stadt Essen,Grundschule,192879,"Essen, GG am Wasserturm",9,9,0,Essen
BR Düsseldorf,Stadt Essen,Grundschule,192892,"Essen, GG Emscherschule",6,6,0,Essen
BR Düsseldorf,Stadt Essen,Grundschule,195236,"Essen, GG Regenbogenschule",6,6,0,Essen
BR Düsseldorf,Stadt Essen,Grundschule,195467,"Essen, GG Sternschule",6,6,0,Essen
BR Düsseldorf,Stadt Essen,Grundschule,196551,"Essen, GG Haarzopf",2,2,0,Essen
BR Düsseldorf,Stadt Essen,Grundschule,196563,"Essen, GG Überruhr",4,4,0,Essen
BR Düsseldorf,Stadt Essen,Hauptschule,100066,"Essen, GH Glückauf-Schule",9,9,0,Essen
BR Düsseldorf,Stadt Essen,Hauptschule,136967,"Essen, KH Marienschule",8,8,0,Essen
BR Düsseldorf,Stadt Essen,Hauptschule,136980,"Essen, GH an der Wächtlerstraße",9,9,0,Essen
BR Düsseldorf,Stadt Essen,Hauptschule,137364,"Essen, GH Bochold",9,9,0,Essen
BR Düsseldorf,Stadt Essen,Realschule,100028,"Essen, RS im Bezirk Zollverein",8,8,0,Essen
BR Düsseldorf,Stadt Essen,Realschule,100090,"Essen, RS Kettwig",2,2,0,Essen
BR Düsseldorf,Stadt Essen,Realschule,158781,"Essen, RS Albert-Einstein",2,2,0,Essen
BR Düsseldorf,Stadt Essen,Realschule,158811,"Essen, RS Gertrud-Bäumer",9,9,0,Essen
BR Düsseldorf,Stadt Essen,Realschule,158823,"Essen, RS Elsa-Brändström",4,4,0,Essen
BR Düsseldorf,Stadt Essen,Realschule,158835,"Essen, RS Franz-Dinnendahl-Realschule",6,6,0,Essen
BR Düsseldorf,Stadt Essen,Realschule,158847,"Essen, RS Schloß Borbeck",6,6,0,Essen
BR Düsseldorf,Stadt Essen,Realschule,158859,"Essen, RS Geschwister-Scholl",7,7,0,Essen
BR Düsseldorf,Stadt Essen,Realschule,158872,"Essen, RS Helmut-Rahn-Realschule",9,9,0,Essen
BR Düsseldorf,Stadt Essen,Realschule,158884,"Essen, RS Helene-Lange",6,6,0,Essen
BR Düsseldorf,Stadt Essen,Realschule,158896,"Essen, RS Bertha-Krupp",8,8,0,Essen
BR Düsseldorf,Stadt Essen,Realschule,158902,"Essen, RS Bertha-von-Suttner",8,8,0,Essen
BR Düsseldorf,Stadt Essen,Realschule,158940,"Essen, RS Theodor Goldschmidt mit Aufbau",9,9,0,Essen
BR Düsseldorf,Stadt Essen,Realschule,194906,"Essen, RS Essen-Überruhr",3,3,0,Essen
BR Düsseldorf,Stadt Essen,Gesamtschule,183076,"Essen, GE Bockmühle",9,9,0,Essen
BR Düsseldorf,Stadt Essen,Gesamtschule,187770,"Essen, GE Gustav-Heinemann-Gesamtschule",8,8,0,Essen
BR Düsseldorf,Stadt Essen,Gesamtschule,189080,"Essen, GE Frida-Levy-Gesamtschule",9,9,0,Essen
BR Düsseldorf,Stadt Essen,Gesamtschule,189820,"Essen, GE Erich-Kästner-Schule",8,8,0,Essen
BR Düsseldorf,Stadt Essen,Gesamtschule,190895,"Essen, GE Nord",9,9,0,Essen
BR Düsseldorf,Stadt Essen,Gesamtschule,191334,"Essen, GE Borbeck",5,5,0,Essen
BR Düsseldorf,Stadt Essen,Gesamtschule,193501,"Essen, GE Holsterhausen",5,5,0,Essen
BR Düsseldorf,Stadt Essen,Gymnasium,164719,"Essen, Gym Werden",1,1,0,Essen
BR Düsseldorf,Stadt Essen,Gymnasium,164732,"Essen, Gym Grashof",1,1,0,Essen
BR Düsseldorf,Stadt Essen,Gymnasium,164744,"Essen, Gym Mädchengymnasium Borbeck",5,5,0,Essen
BR Düsseldorf,Stadt Essen,Gymnasium,164756,"Essen, Gym Burg",6,6,0,Essen
BR Düsseldorf,Stadt Essen,Gymnasium,164770,"Essen, Gym Leibniz",6,6,0,Essen
BR Düsseldorf,Stadt Essen,Gymnasium,164781,"Essen, Gym Goethe",1,1,0,Essen
BR Düsseldorf,Stadt Essen,Gymnasium,164800,"Essen, Gym Helmholtz",3,3,0,Essen
BR Düsseldorf,Stadt Essen,Gymnasium,164811,"Essen, Gym Maria-Wächtler",3,3,0,Essen
BR Düsseldorf,Stadt Essen,Gymnasium,164835,"Essen, Gym UNESCO/ Aufbaugymnasium",9,9,0,Essen
BR Düsseldorf,Stadt Essen,Gymnasium,164847,"Essen, Gym Nord-Ost",7,7,0,Essen
BR Düsseldorf,Stadt Essen,Gymnasium,164859,"Essen, Gym Prinzenstr.",5,5,0,Essen
BR Düsseldorf,Stadt Essen,Gymnasium,164872,"Essen, Gym Carl-Humann",3,3,0,Essen
BR Düsseldorf,Stadt Essen,Gymnasium,164884,"Essen, Gym Alfred-Krupp-Schule",8,8,0,Essen
BR Düsseldorf,Stadt Essen,Gymnasium,164902,"Essen, Gym an der Wolfskuhle",4,4,0,Essen
BR Düsseldorf,Stadt Essen,Gymnasium,165578,"Essen, Gym Theodor-Heuss",1,1,0,Essen
BR Düsseldorf,Stadt Essen,Gymnasium,184640,"Essen, Gym Überruhr",3,3,0,Essen
BR Düsseldorf,Stadt Mülheim a.d.Ruhr,Grundschule,103780,"Mülheim an der Ruhr, GG Am Sunderplatz",2,2,0,Mülheim
BR Düsseldorf,Stadt Mülheim a.d.Ruhr,Grundschule,103809,"Mülheim an der Ruhr, KG Schildbergschule",3,3,0,Mülheim
BR Düsseldorf,Stadt Mülheim a.d.Ruhr,Grundschule,103822,"Mülheim an der Ruhr, GG Filchnerstraße",2,2,0,Mülheim
BR Düsseldorf,Stadt Mülheim a.d.Ruhr,Grundschule,103834,"Mülheim an der Ruhr, GG am Oemberg",1,1,0,Mülheim
BR Düsseldorf,Stadt Mülheim a.d.Ruhr,Grundschule,103846,"Mülheim an der Ruhr,GG am Dichterviertel",7,7,0,Mülheim
BR Düsseldorf,Stadt Mülheim a.d.Ruhr,Grundschule,103858,"Mülheim an der Ruhr, GG Barbaraschule",2,2,0,Mülheim
BR Düsseldorf,Stadt Mülheim a.d.Ruhr,Grundschule,103860,"Mülheim an der Ruhr, GG (Verb) Augusta",9,9,0,Mülheim
BR Düsseldorf,Stadt Mülheim a.d.Ruhr,Grundschule,103913,"Mülheim an der Ruhr, KG Martin-von-Tours",8,8,0,Mülheim
BR Düsseldorf,Stadt Mülheim a.d.Ruhr,Grundschule,103925,"Mülheim an der Ruhr, KG Katharinenschule",4,4,0,Mülheim
BR Düsseldorf,Stadt Mülheim a.d.Ruhr,Grundschule,103949,"Mülheim an der Ruhr,GG Pestalozzi-Schule",8,8,0,Mülheim
BR Düsseldorf,Stadt Mülheim a.d.Ruhr,Grundschule,103950,"Mülheim an der Ruhr, GG Zunftmeisterstr.",9,9,0,Mülheim
BR Düsseldorf,Stadt Mülheim a.d.Ruhr,Grundschule,103962,"Mülheim an der Ruhr, GG Trooststr.",5,5,0,Mülheim
BR Düsseldorf,Stadt Mülheim a.d.Ruhr,Grundschule,103974,"Mülheim an der Ruhr, GG Steigerweg",4,4,0,Mülheim
BR Düsseldorf,Stadt Mülheim a.d.Ruhr,Grundschule,103998,"Mülheim an der Ruhr, GG (Verb.) Lierberg",4,4,0,Mülheim
BR Düsseldorf,Stadt Mülheim a.d.Ruhr,Grundschule,104000,"Mülheim an der Ruhr, GG Saarnberg",3,3,0,Mülheim
BR Düsseldorf,Stadt Mülheim a.d.Ruhr,Grundschule,104012,"Mülheim an der Ruhr, GG Erich Kästner",7,7,0,Mülheim
BR Düsseldorf,Stadt Mülheim a.d.Ruhr,Grundschule,104036,"Mülheim an der Ruhr, GG Heinrichstraße",5,5,0,Mülheim
BR Düsseldorf,Stadt Mülheim a.d.Ruhr,Grundschule,104048,"Mülheim an der Ruhr, GG Astrid Lindgren",8,8,0,Mülheim
BR Düsseldorf,Stadt Mülheim a.d.Ruhr,Grundschule,104073,"Mülheim an der Ruhr, GG Klostermarkt",3,3,0,Mülheim
BR Düsseldorf,Stadt Mülheim a.d.Ruhr,Grundschule,104085,"Mülheim an der Ruhr, GG Hölterschule",2,2,0,Mülheim
BR Düsseldorf,Stadt Mülheim a.d.Ruhr,Grundschule,185231,"Mülheim an der Ruhr,GG am Krähenbüschken",2,2,0,Mülheim
BR Düsseldorf,Stadt Mülheim a.d.Ruhr,Grundschule,198572,"Mülheim an der Ruhr, GG Brüder-Grimm",7,7,0,Mülheim
BR Düsseldorf,Stadt Mülheim a.d.Ruhr,Hauptschule,137947,"Mülheim an der Ruhr, GH Sch.a.Hexbachtal",9,9,0,Mülheim
BR Düsseldorf,Stadt Mülheim a.d.Ruhr,Realschule,159086,"Mülheim an der Ruhr, RS Stadtmitte",9,9,0,Mülheim
BR Düsseldorf,Stadt Mülheim a.d.Ruhr,Realschule,159098,"Mülheim an der Ruhr, RS Broich",4,4,0,Mülheim
BR Düsseldorf,Stadt Mülheim a.d.Ruhr,Realschule,159104,"Mülheim an der Ruhr,RS Mellinghofer Str.",5,5,0,Mülheim
BR Düsseldorf,Stadt Mülheim a.d.Ruhr,Gesamtschule,164136,"Mülheim an der Ruhr, GE Gustav-Heinemann",5,5,0,Mülheim
BR Düsseldorf,Stadt Mülheim a.d.Ruhr,Gesamtschule,188189,"Mülheim an der Ruhr, GE Saarn",7,7,0,Mülheim
BR Düsseldorf,Stadt Mülheim a.d.Ruhr,Gesamtschule,189078,"Mülheim an der Ruhr, GE Willy-Brandt",8,8,0,Mülheim
BR Düsseldorf,Stadt Mülheim a.d.Ruhr,Gymnasium,165098,"Mülheim an der Ruhr, Gym Karl-Ziegler",4,4,0,Mülheim
BR Düsseldorf,Stadt Mülheim a.d.Ruhr,Gymnasium,165104,"Mülheim an der Ruhr, Gym Luisenschule",2,2,0,Mülheim
BR Düsseldorf,Stadt Mülheim a.d.Ruhr,Gymnasium,165116,"Mülheim an der Ruhr, Gym Broich",2,2,0,Mülheim
BR Düsseldorf,Stadt Mülheim a.d.Ruhr,Gymnasium,165128,"Mülheim an der Ruhr, Gym Otto-Pankok",3,3,0,Mülheim
BR Düsseldorf,Stadt Mülheim a.d.Ruhr,Gymnasium,185322,"Mülheim an der Ruhr, Gym Heißen",2,2,0,Mülheim
BR Köln,Stadt Köln,Grundschule,112495,"Köln, GG Mülheimer Freiheit",6,6,0,Mülheim
BR Münster,Kreis Recklinghausen,Grundschule,122660,"Dorsten, KG Wittenbrinkschule",1,1,0,Witten
